pdb_id,H_chain,L_chain,antigen_chain,epitope_sequence,folder,structure_id
6rp8,H,L,C,MHVERTLQSVTEIKELMYPPPYYLGI,ctla4,6rp8_ID_1
9dq3,H,L,C,MHERLQVTEIKELMYPPYYLGIN,ctla4,9dq3
6rp8,h,l,c,MHERLQSVTEIKEMYPPPYYLGI,ctla4,6rp8_ID_2
5xj3,G,H,I,KMERTLVTETKEMYPPPYYLGI,ctla4,5xj3_ID_1
5xj3,A,B,C,KMERTLSVTETIKEMYPPPYYLGI,ctla4,5xj3_ID_2
5xj3,D,E,F,KMERTLSVTETIKELMYPPPYYLGI,ctla4,5xj3_ID_3
5ggv,H,L,Y,KAMPERLQSQVTETLIKELMYPPYYLGIGNG,ctla4,5ggv
5xj3,J,K,L,KAMERTLVTETIKEMYPPPYYLGI,ctla4,5xj3_ID_4
9dq4,H,L,A,IQVSPHERTLQMTETTYLKELMYPPPYFVGMN,ctla4,9dq4
7su0,H,L,C,AMHVERTLQVTEIKELMYPPPYYLGI,ctla4,7su0_ID_1
7su0,I,M,D,AMHERTLQSQVTETIKELMYPPPYYLGI,ctla4,7su0_ID_2
5tru,h,l,c,AMHERTLQSQVEIKEMYPPPYYLGI,ctla4,5tru_ID_1
5tru,H,L,C,AMHERLQSVEIKELMYPPPYYLGI,ctla4,5tru_ID_2
7su1,H,L,C,AMERLVTETKLMYPPYYLI,ctla4,7su1
8tui,H,L,A,HLHRGKFKDTLHLIFSIDYSPYL,kir,8tui
7bxa,B,C,A,VNYSSNQTDKLAPDRSFILQIE,pd1,7bxa_ID_1
7cgw,A,B,C,VNYSSNQTDKLAAEDRQPGQDFILKAQIX,pd1,7cgw_ID_1
7cgw,H,L,P,VNYSSNQTDKLAAEDRQPGILPKAQIE,pd1,7cgw_ID_2
7bxa,H,L,P,VNYSSNQTDKLAADRSFIIE,pd1,7bxa_ID_2
5jxe,G,F,A,VNYQTDKAFPEDRSQPGI,pd1,5jxe_ID_1
7wvm,C,D,F,TSESVNKFPEDQILAPKAQI,pd1,7wvm_ID_1
5b8c,E,D,F,TSESFVNYTDKAFPEDRSQPGQILAPKAI,pd1,5b8c_ID_1
5b8c,B,A,C,TSESFVNYQTDKAFPEDRSQPGILAPKAIE,pd1,5b8c_ID_2
8gy5,H,L,P,TSESFVNKPEDRSISLAPKAQI,pd1,8gy5_ID_1
7wsl,H,L,D,TSESFVNKAFPEDRSILAPKAI,pd1,7wsl
6xkr,H,L,P,SVNYSSNQTDKDSQPGQLILAPKAQIE,pd1,6xkr
5ggs,A,B,Z,SSFVNYQTDKLAFPEDRSQPGILAKAQI,pd1,5ggs_ID_1
5ggr,H,L,Z,SPDRPSESLAPKAQ,pd1,5ggr_ID_1
5ggr,A,B,Y,SPDRPSESLAPKAQ,pd1,5ggr_ID_2
5ggs,C,D,Y,SFVNYTDKLAFPEDRSQPGDFILAPKAQI,pd1,5ggs_ID_2
5jxe,D,C,B,SFVNYTDKFPEDRSQPGISLI,pd1,5jxe_ID_2
5b8c,H,G,I,SFVNYQTDKAFPEDRSQPGILAKAI,pd1,5b8c_ID_3
5b8c,K,J,L,SFVNYQTDKAFPEDRSQPGILAKAI,pd1,5b8c_ID_4
7cu5,A,A,Q,SESVNKFPEILAP,pd1,7cu5_ID_1
6k0y,A,B,C,SESFVNKPDRISLAPKAQI,pd1,6k0y
7wvm,A,B,E,SESFVNKFPEDRILAPKAQI,pd1,7wvm_ID_2
7cu5,B,B,E,SESFVNFPEILAP,pd1,7cu5_ID_2
8gy5,A,B,Q,SESFVKPEILAPKAQI,pd1,8gy5_ID_2
5wt9,H,L,G,LDSPDRPTSESISLAPKAQ,pd1,5wt9
5xj4,H,L,A,MFTVVDYEMEDVYRMADYKRIT,pdl1,5xj4
5grj,H,L,A,IYEMEDKNQHDKVQHRMISAYR,pdl1,5grj
5x8m,B,C,A,FTVDYEMEDVYRMADYKRT,pdl1,5x8m
5x8l,F,K,A,EDAAIYEMEDKNQVHVVYRMSYGGADYR,pdl1,5x8l_ID_1
5xxy,H,L,A,AFDAALIYWEMEDKNIQVHVYRMISYGGADYR,pdl1,5xxy
5x8l,H,M,C,AEDAAIYEMEDKNQVHVYRMSYGGADYR,pdl1,5x8l_ID_2
5x8l,G,L,B,ADAAIYEMEDKNQVHVYRMSYGGADYR,pdl1,5x8l_ID_3
5x8l,J,O,E,ADAAIYEMEDKNQVHVYRMSYGGADYR,pdl1,5x8l_ID_4
5x8l,S,N,D,ADAAIYEMEDKNQVHDVVYRMSYGGADYR,pdl1,5x8l_ID_5
6txz,I,M,B,PKGACPVFECGNVRERQIPGIMNDK,tim3,6txz_ID_1
6txz,J,N,C,PKGACPVFECGNVREIRQIPGIMNDK,tim3,6txz_ID_2
6txz,H,L,A,PKGACPVFECGNVRDENRQIPGIMNDKN,tim3,6txz_ID_3
6txz,K,O,D,PKGACPVFECGNVRDENRQIPGIMNDK,tim3,6txz_ID_4
