pdb_id,H_chain,L_chain,antigen_chain,paratope_sequence,folder,structure_id
5ggv,H,L,Y,WYSNYDRGATLYYYYDQSINSYYYSTPF,ctla4,5ggv
6rp8,h,l,c,STFSYNNYGWLGSYYYGSSW,ctla4,6rp8_ID_1
6rp8,H,L,C,STFSYNNYGWLGSYTYGSSW,ctla4,6rp8_ID_2
5tru,h,l,c,STFSYNNYGWLGGSYYTYGSSW,ctla4,5tru_ID_1
5xj3,A,B,C,STFSYDNYGWLGQSYYYGSSW,ctla4,5xj3_ID_1
5xj3,J,K,L,STFSYDNYGWLGQSGSYYGSSW,ctla4,5xj3_ID_2
5xj3,G,H,I,STFSYDNNYWLGQYYGSSW,ctla4,5xj3_ID_3
5xj3,D,E,F,STFSYDNNYGWLGQSSYYYGSSW,ctla4,5xj3_ID_4
5tru,H,L,C,SFSYNNYGWLGSGSYYYGSSW,ctla4,5tru_ID_2
9dq3,H,L,C,KYVSYDRHYTGWLGVGWSPYYGQSW,ctla4,9dq3
9dq4,H,L,A,KVSYDRHKYTGWLGVGWSPYFYGQSPW,ctla4,9dq4
7su0,H,L,C,HTFSYNYGWLGEGEEYYGSSW,ctla4,7su0_ID_1
7su0,I,M,D,HTFSYDHNYGWLGXGEEYTYGSSW,ctla4,7su0_ID_2
7su1,H,L,C,HFYHNYHWLGEVGEYGSSW,ctla4,7su1
8tui,H,L,A,TSFPIFETSGSYYDYSVSYSNW,kir,8tui
7cgw,H,L,P,YNRYGNYWYDSNDNYFHFTSGYAYSSY,pd1,7cgw_ID_1
7wsl,H,L,D,VGFSSYDSGGGSYYSPYYDYVGAYWTHTYSSYW,pd1,7wsl
5ggs,C,D,Y,TYYGINSNGTNRYRFDMDTSYYLYLYLESSRDLL,pd1,5ggs_ID_1
5ggs,A,B,Z,TYYGINSNGTNRYRFDMDTSGYSYLYLYLESRDLL,pd1,5ggs_ID_2
5jxe,G,F,A,TSYYSRDLLTNYYGINSNGTNRYRFD,pd1,5jxe_ID_1
5b8c,K,J,L,TSYYLYLYESRDLLTYMYGINSNGTNRDYRFDMD,pd1,5b8c_ID_1
5b8c,H,G,I,TSYYLYLYEQSRDLLTYYYGINSNGTNRDYRFDMGFD,pd1,5b8c_ID_2
5jxe,D,C,B,TSGYYYYSRDLLNYYGINSNGTNRYRFDM,pd1,5jxe_ID_2
5b8c,E,D,F,TSGYYYLYLSSRDLLNYMYGINSNGTNRYRFDM,pd1,5b8c_ID_3
5b8c,B,A,C,TSGYYYLYLESSRDLLTTNYYGINSNGTNRYRFDM,pd1,5b8c_ID_4
5ggr,A,B,Y,TNSGWYNDDYLYRATSR,pd1,5ggr_ID_1
8gy5,A,B,Q,TNFSGGGRDYWGNINFSSNTF,pd1,8gy5_ID_1
7wvm,A,B,E,TNFSGGGRDYKWGNIYDFYSSNTF,pd1,7wvm_ID_1
7cgw,A,B,C,SYRYGNYWYDSNDNYFHFTSGYAYSSY,pd1,7cgw_ID_2
7cu5,A,A,Q,SYMSGGGANYQLY,pd1,7cu5_ID_1
7cu5,B,B,E,SYMSGGGANYQLY,pd1,7cu5_ID_2
7bxa,H,L,P,RYGNYYDSNDNYFHFTYAYS,pd1,7bxa_ID_1
7bxa,B,C,A,RYGNYYDSNDNYFHFTSYAY,pd1,7bxa_ID_2
6xkr,H,L,P,QVSYWYSLRSTGTFYGNKFIYWSYRSGDFSGS,pd1,6xkr
7wvm,C,D,F,NFSGGGRDYKWGNIYDFYSSNTF,pd1,7wvm_ID_2
5ggr,H,L,Z,ITSNSGIWYNDDYLLIYNRAT,pd1,5ggr_ID_2
5wt9,H,L,G,ITSNSGHVIWYKTNDDYYAYLYDRATWR,pd1,5wt9
6k0y,A,B,C,HRGSYFYSSYLDIATXIQGINYLDSYR,pd1,6k0y
8gy5,H,L,P,EGFTNFSGGGRDYWGNINFSSNTF,pd1,8gy5_ID_2
5x8m,B,C,A,WNKSEYEWFGERVSSSYYGSLW,pdl1,5x8m
5xj4,H,L,A,WNKEYDKEWFGERVSSYYGSLW,pdl1,5xj4
5xxy,H,L,A,TSDSWWSPYGGSTYTRHWPGSAYYLYHP,pdl1,5xxy
5x8l,H,M,C,SDSWWSYGGSTYTRWPGSTAYLYH,pdl1,5x8l_ID_1
5x8l,F,K,A,SDSWWSYGGSTYTRWPGSTAYLYH,pdl1,5x8l_ID_2
5x8l,J,O,E,SDSWWSPYGGSTYTRWPGQAYLYH,pdl1,5x8l_ID_3
5x8l,G,L,B,SDSWWSPYGGSTYTRWPGAYLYH,pdl1,5x8l_ID_4
5grj,H,L,A,FTSSIYPSGGIFLGTVTTYYDYSSSR,pdl1,5grj
5x8l,S,N,D,AYLYHPSDSWWSPYGGSTYKTRWPG,pdl1,5x8l_ID_5
6txz,I,M,B,SASWASVSGSTYYKANWGFYYDKYADSV,tim3,6txz_ID_1
6txz,K,O,D,SASWASVSGSTYYKANWGFYYDKYADSV,tim3,6txz_ID_2
6txz,H,L,A,SASWASVSGSTYYKANWGFYYDKYADSV,tim3,6txz_ID_3
6txz,J,N,C,SASWASVSGSTYYKANWGFVGYDKYADSV,tim3,6txz_ID_4
