pdb_id,H_chain,L_chain,antigen_chain,buried_paratope_area,num_filtered_hbonds,num_salt_bridges,folder,paratope_sequence_x,structure_id_y,paratope_sequence_y,structure_id,binding_score
5xj3,D,E,F,754.8224487304688,17,0,ctla4,YNYSW,5xj3_ID_4,QYYGSSW,5xj3_ID_1,0.0735011559620977
5xj3,D,E,F,754.8224487304688,17,0,ctla4,YNYGSW,5xj3_ID_4,QYYGSSW,5xj3_ID_2,0.0735011559620977
5xj3,D,E,F,754.8224487304688,17,0,ctla4,YNYGSSW,5xj3_ID_4,QYYGSSW,5xj3_ID_3,0.0735011559620977
5xj3,D,E,F,754.8224487304688,17,0,ctla4,QYYGSSW,5xj3_ID_4,QYYGSSW,5xj3_ID_4,0.0735011559620977
5jxe,G,F,A,1112.59814453125,18,0,pd1,YRY,5jxe_ID_2,SYISGNRRYR,5jxe_ID_1,0.1204766840097366
5jxe,G,F,A,1112.59814453125,18,0,pd1,SYISGNRRYR,5jxe_ID_2,SYISGNRRYR,5jxe_ID_2,0.1204766840097366
5x8l,G,L,B,1134.6636962890625,24,0,pdl1,WWSYGSYW,5x8l_ID_5,DWSYGSYYW,5x8l_ID_1,0.1358756033995445
5x8l,G,L,B,1134.6636962890625,24,0,pdl1,SSDWSYSTYYRWP,5x8l_ID_5,DWSYGSYYW,5x8l_ID_2,0.1358756033995445
5x8l,G,L,B,1134.6636962890625,24,0,pdl1,SDWSYGSYRW,5x8l_ID_5,DWSYGSYYW,5x8l_ID_3,0.1358756033995445
5x8l,G,L,B,1134.6636962890625,24,0,pdl1,SDWSYGSTYWP,5x8l_ID_5,DWSYGSYYW,5x8l_ID_4,0.1358756033995445
5x8l,G,L,B,1134.6636962890625,24,0,pdl1,DWSYGSYYW,5x8l_ID_5,DWSYGSYYW,5x8l_ID_5,0.1358756033995445
7cgw,A,B,C,1160.0316162109375,22,0,pd1,NYFHYNYWY,7cgw_ID_2,NDYHNYY,7cgw_ID_1,0.1348465824234306
7cgw,A,B,C,1160.0316162109375,22,0,pd1,NDYHNYY,7cgw_ID_2,NDYHNYY,7cgw_ID_2,0.1348465824234306
5xj3,A,B,C,671.6341552734375,12,0,ctla4,YNYSW,5xj3_ID_4,QYYGSSW,5xj3_ID_5,0.0735011559620977
5xj3,A,B,C,671.6341552734375,12,0,ctla4,YNYGSW,5xj3_ID_4,QYYGSSW,5xj3_ID_6,0.0735011559620977
5xj3,A,B,C,671.6341552734375,12,0,ctla4,YNYGSSW,5xj3_ID_4,QYYGSSW,5xj3_ID_7,0.0735011559620977
5xj3,A,B,C,671.6341552734375,12,0,ctla4,QYYGSSW,5xj3_ID_4,QYYGSSW,5xj3_ID_8,0.0735011559620977
7cu5,B,B,E,650.1746826171875,7,0,pd1,SNYQY,7cu5_ID_2,SGANYQL,7cu5_ID_1,0.0393241756900028
7cu5,B,B,E,650.1746826171875,7,0,pd1,SGANYQL,7cu5_ID_2,SGANYQL,7cu5_ID_2,0.0393241756900028
5x8l,H,M,C,1451.3128662109375,26,0,pdl1,WWSYGSYW,5x8l_ID_5,DWSYGSYYW,5x8l_ID_6,0.1358756033995445
5x8l,H,M,C,1451.3128662109375,26,0,pdl1,SSDWSYSTYYRWP,5x8l_ID_5,DWSYGSYYW,5x8l_ID_7,0.1358756033995445
5x8l,H,M,C,1451.3128662109375,26,0,pdl1,SDWSYGSYRW,5x8l_ID_5,DWSYGSYYW,5x8l_ID_8,0.1358756033995445
5x8l,H,M,C,1451.3128662109375,26,0,pdl1,SDWSYGSTYWP,5x8l_ID_5,DWSYGSYYW,5x8l_ID_9,0.1358756033995445
5x8l,H,M,C,1451.3128662109375,26,0,pdl1,DWSYGSYYW,5x8l_ID_5,DWSYGSYYW,5x8l_ID_10,0.1358756033995445
6txz,K,O,D,873.9346313476562,15,0,tim3,YAVSKGSTY,6txz_ID_4,GYASTYY,6txz_ID_1,0.0842290261007303
6txz,K,O,D,873.9346313476562,15,0,tim3,YAVKSYY,6txz_ID_4,GYASTYY,6txz_ID_2,0.0842290261007303
6txz,K,O,D,873.9346313476562,15,0,tim3,YAKGSTY,6txz_ID_4,GYASTYY,6txz_ID_3,0.0842290261007303
6txz,K,O,D,873.9346313476562,15,0,tim3,GYASTYY,6txz_ID_4,GYASTYY,6txz_ID_4,0.0842290261007303
6k0y,A,B,C,787.4491577148438,15,2,pd1,SYSSDSYD,6k0y,SYSSDSYD,6k0y,0.3400491591527154
5x8l,S,N,D,965.5888671875,17,0,pdl1,WWSYGSYW,5x8l_ID_5,DWSYGSYYW,5x8l_ID_11,0.1358756033995445
5x8l,S,N,D,965.5888671875,17,0,pdl1,SSDWSYSTYYRWP,5x8l_ID_5,DWSYGSYYW,5x8l_ID_12,0.1358756033995445
5x8l,S,N,D,965.5888671875,17,0,pdl1,SDWSYGSYRW,5x8l_ID_5,DWSYGSYYW,5x8l_ID_13,0.1358756033995445
5x8l,S,N,D,965.5888671875,17,0,pdl1,SDWSYGSTYWP,5x8l_ID_5,DWSYGSYYW,5x8l_ID_14,0.1358756033995445
5x8l,S,N,D,965.5888671875,17,0,pdl1,DWSYGSYYW,5x8l_ID_5,DWSYGSYYW,5x8l_ID_15,0.1358756033995445
5ggr,A,B,Y,814.4287719726562,26,0,pd1,TNLYYRTNDDY,5ggr_ID_2,NYYATNDD,5ggr_ID_1,0.0999240224238834
5ggr,A,B,Y,814.4287719726562,26,0,pd1,NYYATNDD,5ggr_ID_2,NYYATNDD,5ggr_ID_2,0.0999240224238834
5tru,h,l,c,799.474365234375,12,0,ctla4,YYYGSSW,5tru_ID_2,SNYGSSWWL,5tru_ID_1,0.0685748385651382
5tru,h,l,c,799.474365234375,12,0,ctla4,SNYGSSWWL,5tru_ID_2,SNYGSSWWL,5tru_ID_2,0.0685748385651382
7bxa,H,L,P,1041.0872802734375,16,0,pd1,NYFTGNY,7bxa_ID_2,NFTYYGNYY,7bxa_ID_1,0.1072976574313433
7bxa,H,L,P,1041.0872802734375,16,0,pd1,NFTYYGNYY,7bxa_ID_2,NFTYYGNYY,7bxa_ID_2,0.1072976574313433
5b8c,B,A,C,1530.440673828125,27,0,pd1,YYYYYYLRYR,5b8c_ID_4,TYYYYERRYR,5b8c_ID_1,0.1918275700307976
5b8c,B,A,C,1530.440673828125,27,0,pd1,YYYYYLRRYRF,5b8c_ID_4,TYYYYERRYR,5b8c_ID_2,0.1918275700307976
5b8c,B,A,C,1530.440673828125,27,0,pd1,TYYYYERYR,5b8c_ID_4,TYYYYERRYR,5b8c_ID_3,0.1918275700307976
5b8c,B,A,C,1530.440673828125,27,0,pd1,TYYYYERRYR,5b8c_ID_4,TYYYYERRYR,5b8c_ID_4,0.1918275700307976
5b8c,H,G,I,1212.3687744140625,18,0,pd1,YYYYYYLRYR,5b8c_ID_4,TYYYYERRYR,5b8c_ID_5,0.1918275700307976
5b8c,H,G,I,1212.3687744140625,18,0,pd1,YYYYYLRRYRF,5b8c_ID_4,TYYYYERRYR,5b8c_ID_6,0.1918275700307976
5b8c,H,G,I,1212.3687744140625,18,0,pd1,TYYYYERYR,5b8c_ID_4,TYYYYERRYR,5b8c_ID_7,0.1918275700307976
5b8c,H,G,I,1212.3687744140625,18,0,pd1,TYYYYERRYR,5b8c_ID_4,TYYYYERRYR,5b8c_ID_8,0.1918275700307976
5x8m,B,C,A,813.447998046875,12,1,pdl1,RSEYYSF,5x8m,RSEYYSF,5x8m,0.203660668261774
5grj,H,L,A,1085.971923828125,35,2,pdl1,YYSGYRGTVTT,5grj,YYSGYRGTVTT,5grj,0.4195935098404144
5tru,H,L,C,960.514892578125,18,0,ctla4,YYYGSSW,5tru_ID_2,SNYGSSWWL,5tru_ID_3,0.0685748385651382
5tru,H,L,C,960.514892578125,18,0,ctla4,SNYGSSWWL,5tru_ID_2,SNYGSSWWL,5tru_ID_4,0.0685748385651382
7cu5,A,A,Q,579.016357421875,2,0,pd1,SNYQY,7cu5_ID_2,SGANYQL,7cu5_ID_3,0.0393241756900028
7cu5,A,A,Q,579.016357421875,2,0,pd1,SGANYQL,7cu5_ID_2,SGANYQL,7cu5_ID_4,0.0393241756900028
8gy5,H,L,P,670.397705078125,11,1,pd1,SRDYSTG,8gy5_ID_2,NSGRDYST,8gy5_ID_1,0.1836148221816748
8gy5,H,L,P,670.397705078125,11,1,pd1,NSGRDYST,8gy5_ID_2,NSGRDYST,8gy5_ID_2,0.1836148221816748
5ggs,A,B,Z,1511.7320556640625,24,0,pd1,YYYYYYERYRM,5ggs_ID_2,YYYYYERRYR,5ggs_ID_1,0.1831654483087373
5ggs,A,B,Z,1511.7320556640625,24,0,pd1,YYYYYERRYR,5ggs_ID_2,YYYYYERRYR,5ggs_ID_2,0.1831654483087373
5xxy,H,L,A,2015.2650146484373,181,0,pdl1,SDWWSYGSTYYLYHRW,5xxy,SDWWSYGSTYYLYHRW,5xxy,0.5768421052631578
5xj3,G,H,I,622.4866943359375,8,0,ctla4,YNYSW,5xj3_ID_4,QYYGSSW,5xj3_ID_9,0.0735011559620977
5xj3,G,H,I,622.4866943359375,8,0,ctla4,YNYGSW,5xj3_ID_4,QYYGSSW,5xj3_ID_10,0.0735011559620977
5xj3,G,H,I,622.4866943359375,8,0,ctla4,YNYGSSW,5xj3_ID_4,QYYGSSW,5xj3_ID_11,0.0735011559620977
5xj3,G,H,I,622.4866943359375,8,0,ctla4,QYYGSSW,5xj3_ID_4,QYYGSSW,5xj3_ID_12,0.0735011559620977
5ggs,C,D,Y,1380.6917724609375,19,1,pd1,YYYYYYERYRM,5ggs_ID_2,YYYYYERRYR,5ggs_ID_3,0.1831654483087373
5ggs,C,D,Y,1380.6917724609375,19,1,pd1,YYYYYERRYR,5ggs_ID_2,YYYYYERRYR,5ggs_ID_4,0.1831654483087373
7su0,H,L,C,860.3029174804688,12,0,ctla4,EHNTYGSSWWL,7su0_ID_2,EENYGSWL,7su0_ID_1,0.0762036218619825
7su0,H,L,C,860.3029174804688,12,0,ctla4,EENYGSWL,7su0_ID_2,EENYGSWL,7su0_ID_2,0.0762036218619825
9dq4,H,L,A,1628.711181640625,192,3,ctla4,VGKWYRHYGQSWL,9dq4,VGKWYRHYGQSWL,9dq4,0.9515205390282728
6txz,J,N,C,716.5263061523438,14,0,tim3,YAVSKGSTY,6txz_ID_4,GYASTYY,6txz_ID_5,0.0842290261007303
6txz,J,N,C,716.5263061523438,14,0,tim3,YAVKSYY,6txz_ID_4,GYASTYY,6txz_ID_6,0.0842290261007303
6txz,J,N,C,716.5263061523438,14,0,tim3,YAKGSTY,6txz_ID_4,GYASTYY,6txz_ID_7,0.0842290261007303
6txz,J,N,C,716.5263061523438,14,0,tim3,GYASTYY,6txz_ID_4,GYASTYY,6txz_ID_8,0.0842290261007303
6rp8,H,L,C,724.6325073242188,16,0,ctla4,YYNYGSS,6rp8_ID_2,YSYNYGSSW,6rp8_ID_1,0.0676096359851859
6rp8,H,L,C,724.6325073242188,16,0,ctla4,YSYNYGSSW,6rp8_ID_2,YSYNYGSSW,6rp8_ID_2,0.0676096359851859
7su0,I,M,D,1341.201171875,15,0,ctla4,EHNTYGSSWWL,7su0_ID_2,EENYGSWL,7su0_ID_3,0.0762036218619825
7su0,I,M,D,1341.201171875,15,0,ctla4,EENYGSWL,7su0_ID_2,EENYGSWL,7su0_ID_4,0.0762036218619825
7wvm,C,D,F,1063.0540771484375,12,0,pd1,NFFSGRYSWG,7wvm_ID_2,FSGRDYSW,7wvm_ID_1,0.1016315599466038
7wvm,C,D,F,1063.0540771484375,12,0,pd1,FSGRDYSW,7wvm_ID_2,FSGRDYSW,7wvm_ID_2,0.1016315599466038
5ggr,H,L,Z,1235.47412109375,28,0,pd1,TNLYYRTNDDY,5ggr_ID_2,NYYATNDD,5ggr_ID_3,0.0999240224238834
5ggr,H,L,Z,1235.47412109375,28,0,pd1,NYYATNDD,5ggr_ID_2,NYYATNDD,5ggr_ID_4,0.0999240224238834
5xj3,J,K,L,768.2896728515625,13,0,ctla4,YNYSW,5xj3_ID_4,QYYGSSW,5xj3_ID_13,0.0735011559620977
5xj3,J,K,L,768.2896728515625,13,0,ctla4,YNYGSW,5xj3_ID_4,QYYGSSW,5xj3_ID_14,0.0735011559620977
5xj3,J,K,L,768.2896728515625,13,0,ctla4,YNYGSSW,5xj3_ID_4,QYYGSSW,5xj3_ID_15,0.0735011559620977
5xj3,J,K,L,768.2896728515625,13,0,ctla4,QYYGSSW,5xj3_ID_4,QYYGSSW,5xj3_ID_16,0.0735011559620977
8tui,H,L,A,1012.8372802734376,18,0,kir,SSYNWSYDY,8tui,SSYNWSYDY,8tui,0.1079652237361176
6txz,I,M,B,699.0109252929688,14,0,tim3,YAVSKGSTY,6txz_ID_4,GYASTYY,6txz_ID_9,0.0842290261007303
6txz,I,M,B,699.0109252929688,14,0,tim3,YAVKSYY,6txz_ID_4,GYASTYY,6txz_ID_10,0.0842290261007303
6txz,I,M,B,699.0109252929688,14,0,tim3,YAKGSTY,6txz_ID_4,GYASTYY,6txz_ID_11,0.0842290261007303
6txz,I,M,B,699.0109252929688,14,0,tim3,GYASTYY,6txz_ID_4,GYASTYY,6txz_ID_12,0.0842290261007303
9dq3,H,L,C,1075.8072509765625,15,2,ctla4,KYRHYGQSW,9dq3,KYRHYGQSW,9dq3,0.3762134491802847
8gy5,A,B,Q,782.6976318359375,8,0,pd1,SRDYSTG,8gy5_ID_2,NSGRDYST,8gy5_ID_3,0.1836148221816748
8gy5,A,B,Q,782.6976318359375,8,0,pd1,NSGRDYST,8gy5_ID_2,NSGRDYST,8gy5_ID_4,0.1836148221816748
5ggv,H,L,Y,1096.9686279296875,27,0,ctla4,NYYYSTLYY,5ggv,NYYYSTLYY,5ggv,0.1374638842073969
7su1,H,L,C,625.7113037109375,12,2,ctla4,HYGSSW,7su1,HYGSSW,7su1,0.3134490953780315
6rp8,h,l,c,966.5534057617188,13,0,ctla4,YYNYGSS,6rp8_ID_2,YSYNYGSSW,6rp8_ID_3,0.0676096359851859
6rp8,h,l,c,966.5534057617188,13,0,ctla4,YSYNYGSSW,6rp8_ID_2,YSYNYGSSW,6rp8_ID_4,0.0676096359851859
5wt9,H,L,G,910.3566284179688,20,0,pd1,SNGYYTKND,5wt9,SNGYYTKND,5wt9,0.099323188939458
5b8c,K,J,L,1346.9541015625,22,0,pd1,YYYYYYLRYR,5b8c_ID_4,TYYYYERRYR,5b8c_ID_9,0.1918275700307976
5b8c,K,J,L,1346.9541015625,22,0,pd1,YYYYYLRRYRF,5b8c_ID_4,TYYYYERRYR,5b8c_ID_10,0.1918275700307976
5b8c,K,J,L,1346.9541015625,22,0,pd1,TYYYYERYR,5b8c_ID_4,TYYYYERRYR,5b8c_ID_11,0.1918275700307976
5b8c,K,J,L,1346.9541015625,22,0,pd1,TYYYYERRYR,5b8c_ID_4,TYYYYERRYR,5b8c_ID_12,0.1918275700307976
5jxe,D,C,B,420.5532531738281,8,0,pd1,YRY,5jxe_ID_2,SYISGNRRYR,5jxe_ID_3,0.1204766840097366
5jxe,D,C,B,420.5532531738281,8,0,pd1,SYISGNRRYR,5jxe_ID_2,SYISGNRRYR,5jxe_ID_4,0.1204766840097366
7cgw,H,L,P,824.9442138671875,21,2,pd1,NYFHYNYWY,7cgw_ID_2,NDYHNYY,7cgw_ID_3,0.1348465824234306
7cgw,H,L,P,824.9442138671875,21,2,pd1,NDYHNYY,7cgw_ID_2,NDYHNYY,7cgw_ID_4,0.1348465824234306
7wsl,H,L,D,794.8929443359375,13,0,pd1,YDSTSSYD,7wsl,YDSTSSYD,7wsl,0.0701055250491641
6xkr,H,L,P,799.4140625,11,0,pd1,SWYRSGY,6xkr,SWYRSGY,6xkr,0.0664620125691392
5b8c,E,D,F,1399.1629638671875,20,0,pd1,YYYYYYLRYR,5b8c_ID_4,TYYYYERRYR,5b8c_ID_13,0.1918275700307976
5b8c,E,D,F,1399.1629638671875,20,0,pd1,YYYYYLRRYRF,5b8c_ID_4,TYYYYERRYR,5b8c_ID_14,0.1918275700307976
5b8c,E,D,F,1399.1629638671875,20,0,pd1,TYYYYERYR,5b8c_ID_4,TYYYYERRYR,5b8c_ID_15,0.1918275700307976
5b8c,E,D,F,1399.1629638671875,20,0,pd1,TYYYYERRYR,5b8c_ID_4,TYYYYERRYR,5b8c_ID_16,0.1918275700307976
7bxa,B,C,A,758.5508422851562,21,0,pd1,NYFTGNY,7bxa_ID_2,NFTYYGNYY,7bxa_ID_3,0.1072976574313433
7bxa,B,C,A,758.5508422851562,21,0,pd1,NFTYYGNYY,7bxa_ID_2,NFTYYGNYY,7bxa_ID_4,0.1072976574313433
5xj4,H,L,A,623.18359375,13,0,pdl1,SEYWF,5xj4,SEYWF,5xj4,0.0485706803538243
5x8l,J,O,E,1038.9022216796875,24,0,pdl1,WWSYGSYW,5x8l_ID_5,DWSYGSYYW,5x8l_ID_16,0.1358756033995445
5x8l,J,O,E,1038.9022216796875,24,0,pdl1,SSDWSYSTYYRWP,5x8l_ID_5,DWSYGSYYW,5x8l_ID_17,0.1358756033995445
5x8l,J,O,E,1038.9022216796875,24,0,pdl1,SDWSYGSYRW,5x8l_ID_5,DWSYGSYYW,5x8l_ID_18,0.1358756033995445
5x8l,J,O,E,1038.9022216796875,24,0,pdl1,SDWSYGSTYWP,5x8l_ID_5,DWSYGSYYW,5x8l_ID_19,0.1358756033995445
5x8l,J,O,E,1038.9022216796875,24,0,pdl1,DWSYGSYYW,5x8l_ID_5,DWSYGSYYW,5x8l_ID_20,0.1358756033995445
7wvm,A,B,E,878.6505126953125,10,0,pd1,NFFSGRYSWG,7wvm_ID_2,FSGRDYSW,7wvm_ID_3,0.1016315599466038
7wvm,A,B,E,878.6505126953125,10,0,pd1,FSGRDYSW,7wvm_ID_2,FSGRDYSW,7wvm_ID_4,0.1016315599466038
6txz,H,L,A,791.2568359375,12,0,tim3,YAVSKGSTY,6txz_ID_4,GYASTYY,6txz_ID_13,0.0842290261007303
6txz,H,L,A,791.2568359375,12,0,tim3,YAVKSYY,6txz_ID_4,GYASTYY,6txz_ID_14,0.0842290261007303
6txz,H,L,A,791.2568359375,12,0,tim3,YAKGSTY,6txz_ID_4,GYASTYY,6txz_ID_15,0.0842290261007303
6txz,H,L,A,791.2568359375,12,0,tim3,GYASTYY,6txz_ID_4,GYASTYY,6txz_ID_16,0.0842290261007303
5x8l,F,K,A,1111.9041748046875,17,0,pdl1,WWSYGSYW,5x8l_ID_5,DWSYGSYYW,5x8l_ID_21,0.1358756033995445
5x8l,F,K,A,1111.9041748046875,17,0,pdl1,SSDWSYSTYYRWP,5x8l_ID_5,DWSYGSYYW,5x8l_ID_22,0.1358756033995445
5x8l,F,K,A,1111.9041748046875,17,0,pdl1,SDWSYGSYRW,5x8l_ID_5,DWSYGSYYW,5x8l_ID_23,0.1358756033995445
5x8l,F,K,A,1111.9041748046875,17,0,pdl1,SDWSYGSTYWP,5x8l_ID_5,DWSYGSYYW,5x8l_ID_24,0.1358756033995445
5x8l,F,K,A,1111.9041748046875,17,0,pdl1,DWSYGSYYW,5x8l_ID_5,DWSYGSYYW,5x8l_ID_25,0.1358756033995445
