pdb_id,H_chain,L_chain,antigen_chain,paratope_sequence,BSA,folder,structure_id
5ggv,H,L,Y,WYSNYDRGATLYYYYDQSINSYYYSTPF,44.7822265625,ctla4,5ggv
7su0,H,L,C,HTFSYNYGWLGEGEEYYGSSW,44.3720703125,ctla4,7su0_ID_1
7su0,I,M,D,HTFSYDHNYGWLGXGEEYTYGSSW,43.74609375,ctla4,7su0_ID_2
6rp8,H,L,C,STFSYNNYGWLGSYTYGSSW,43.142578125,ctla4,6rp8_ID_1
5tru,h,l,c,STFSYNNYGWLGGSYYTYGSSW,41.904296875,ctla4,5tru_ID_1
7su1,H,L,C,HFYHNYHWLGEVGEYGSSW,41.55859375,ctla4,7su1
5tru,H,L,C,SFSYNNYGWLGSGSYYYGSSW,41.3525390625,ctla4,5tru_ID_2
6rp8,h,l,c,STFSYNNYGWLGSYYYGSSW,41.1630859375,ctla4,6rp8_ID_2
9dq3,H,L,C,KYVSYDRHYTGWLGVGWSPYYGQSW,35.228515625,ctla4,9dq3
5xj3,D,E,F,STFSYDNNYGWLGQSSYYYGSSW,7.568359375,ctla4,5xj3_ID_1
5xj3,J,K,L,STFSYDNYGWLGQSGSYYGSSW,7.52734375,ctla4,5xj3_ID_2
5xj3,G,H,I,STFSYDNNYWLGQYYGSSW,7.5107421875,ctla4,5xj3_ID_3
5xj3,A,B,C,STFSYDNYGWLGQSYYYGSSW,7.4912109375,ctla4,5xj3_ID_4
9dq4,H,L,A,KVSYDRHKYTGWLGVGWSPYFYGQSPW,-38.0390625,ctla4,9dq4
8tui,H,L,A,TSFPIFETSGSYYDYSVSYSNW,38.490234375,kir,8tui
8gy5,H,L,P,EGFTNFSGGGRDYWGNINFSSNTF,44.4609375,pd1,8gy5_ID_1
7wsl,H,L,D,VGFSSYDSGGGSYYSPYYDYVGAYWTHTYSSYW,44.0341796875,pd1,7wsl
5ggr,A,B,Y,TNSGWYNDDYLYRATSR,44.01171875,pd1,5ggr_ID_1
5ggr,H,L,Z,ITSNSGIWYNDDYLLIYNRAT,43.8193359375,pd1,5ggr_ID_2
6k0y,A,B,C,HRGSYFYSSYLDIATXIQGINYLDSYR,43.3388671875,pd1,6k0y
5ggs,C,D,Y,TYYGINSNGTNRYRFDMDTSYYLYLYLESSRDLL,42.2919921875,pd1,5ggs_ID_1
5ggs,A,B,Z,TYYGINSNGTNRYRFDMDTSGYSYLYLYLESRDLL,42.1474609375,pd1,5ggs_ID_2
7cgw,H,L,P,YNRYGNYWYDSNDNYFHFTSGYAYSSY,41.7451171875,pd1,7cgw_ID_1
7cgw,A,B,C,SYRYGNYWYDSNDNYFHFTSGYAYSSY,41.712890625,pd1,7cgw_ID_2
8gy5,A,B,Q,TNFSGGGRDYWGNINFSSNTF,41.68359375,pd1,8gy5_ID_2
6xkr,H,L,P,QVSYWYSLRSTGTFYGNKFIYWSYRSGDFSGS,41.5654296875,pd1,6xkr
7bxa,H,L,P,RYGNYYDSNDNYFHFTYAYS,41.2998046875,pd1,7bxa_ID_1
5wt9,H,L,G,ITSNSGHVIWYKTNDDYYAYLYDRATWR,41.28125,pd1,5wt9
7bxa,B,C,A,RYGNYYDSNDNYFHFTSYAY,40.7021484375,pd1,7bxa_ID_2
5jxe,G,F,A,TSYYSRDLLTNYYGINSNGTNRYRFD,34.498046875,pd1,5jxe_ID_1
5jxe,D,C,B,TSGYYYYSRDLLNYYGINSNGTNRYRFDM,34.076171875,pd1,5jxe_ID_2
5b8c,B,A,C,TSGYYYLYLESSRDLLTTNYYGINSNGTNRYRFDM,9.1240234375,pd1,5b8c_ID_1
5b8c,K,J,L,TSYYLYLYESRDLLTYMYGINSNGTNRDYRFDMD,8.625,pd1,5b8c_ID_2
5b8c,E,D,F,TSGYYYLYLSSRDLLNYMYGINSNGTNRYRFDM,8.2666015625,pd1,5b8c_ID_3
7cu5,B,B,E,SYMSGGGANYQLY,7.4755859375,pd1,7cu5_ID_1
7cu5,A,A,Q,SYMSGGGANYQLY,7.1572265625,pd1,7cu5_ID_2
5b8c,H,G,I,TSYYLYLYEQSRDLLTYYYGINSNGTNRDYRFDMGFD,6.833984375,pd1,5b8c_ID_4
7wvm,A,B,E,TNFSGGGRDYKWGNIYDFYSSNTF,6.5810546875,pd1,7wvm_ID_1
7wvm,C,D,F,NFSGGGRDYKWGNIYDFYSSNTF,5.251953125,pd1,7wvm_ID_2
5xj4,H,L,A,WNKEYDKEWFGERVSSYYGSLW,47.998046875,pdl1,5xj4
5x8m,B,C,A,WNKSEYEWFGERVSSSYYGSLW,47.1982421875,pdl1,5x8m
5x8l,G,L,B,SDSWWSPYGGSTYTRWPGAYLYH,46.0517578125,pdl1,5x8l_ID_1
5x8l,S,N,D,AYLYHPSDSWWSPYGGSTYKTRWPG,45.884765625,pdl1,5x8l_ID_2
5x8l,H,M,C,SDSWWSYGGSTYTRWPGSTAYLYH,45.7861328125,pdl1,5x8l_ID_3
5x8l,J,O,E,SDSWWSPYGGSTYTRWPGQAYLYH,44.9443359375,pdl1,5x8l_ID_4
5x8l,F,K,A,SDSWWSYGGSTYTRWPGSTAYLYH,44.26953125,pdl1,5x8l_ID_5
5grj,H,L,A,FTSSIYPSGGIFLGTVTTYYDYSSSR,44.044921875,pdl1,5grj
5xxy,H,L,A,TSDSWWSPYGGSTYTRHWPGSAYYLYHP,-40.3349609375,pdl1,5xxy
6txz,J,N,C,SASWASVSGSTYYKANWGFVGYDKYADSV,44.234375,tim3,6txz_ID_1
6txz,K,O,D,SASWASVSGSTYYKANWGFYYDKYADSV,44.1923828125,tim3,6txz_ID_2
6txz,I,M,B,SASWASVSGSTYYKANWGFYYDKYADSV,43.97265625,tim3,6txz_ID_3
6txz,H,L,A,SASWASVSGSTYYKANWGFYYDKYADSV,43.6826171875,tim3,6txz_ID_4
