pdb_id,H_chain,L_chain,antigen_chain,buried_epitope_sequence,folder,structure_id
7su0,I,M,D,YIEEKRYQML,ctla4,7su0_ID_1
5xj3,J,K,L,VMLERYPKK,ctla4,5xj3_ID_1
7su0,H,L,C,MIEKYML,ctla4,7su0_ID_2
6rp8,H,L,C,MEYML,ctla4,6rp8_ID_1
6rp8,h,l,c,KYMLEIE,ctla4,6rp8_ID_2
5tru,h,l,c,KRYMLEI,ctla4,5tru_ID_1
5xj3,A,B,C,KMLERY,ctla4,5xj3_ID_2
5ggv,H,L,Y,KKQYPMLMII,ctla4,5ggv
5xj3,D,E,F,KKLMEERY,ctla4,5xj3_ID_3
9dq4,H,L,A,KEFPEMEGQMVYIR,ctla4,9dq4
5tru,H,L,C,HIEKYML,ctla4,5tru_ID_2
5xj3,G,H,I,EYVMER,ctla4,5xj3_ID_4
7su1,H,L,C,EKYPML,ctla4,7su1
9dq3,H,L,C,EEKERYML,ctla4,9dq3
8tui,H,L,A,DHKRSFDT,kir,8tui
6xkr,H,L,P,TPQDKDL,pd1,6xkr
7cgw,H,L,P,TPDRKDN,pd1,7cgw_ID_1
7wvm,A,B,E,SASAEK,pd1,7wvm_ID_1
7wvm,C,D,F,SAPEKEVA,pd1,7wvm_ID_2
5ggs,C,D,Y,RSDKFSLNTK,pd1,5ggs_ID_1
5jxe,G,F,A,RNPDDPKS,pd1,5jxe_ID_1
7bxa,H,L,P,QDVSIKNDSLN,pd1,7bxa_ID_1
7bxa,B,C,A,QDKSDLNN,pd1,7bxa_ID_2
7cu5,A,A,Q,PSE,pd1,7cu5_ID_1
7cgw,A,B,C,PQRKDANT,pd1,7cgw_ID_2
5b8c,K,J,L,PQKRSFKDLNT,pd1,5b8c_ID_1
8gy5,A,B,Q,PPESAS,pd1,8gy5_ID_1
5b8c,B,A,C,PEPYVRKSSDFLNT,pd1,5b8c_ID_2
7cu5,B,B,E,LESP,pd1,7cu5_ID_2
5jxe,D,C,B,KSD,pd1,5jxe_ID_2
5b8c,E,D,F,FLSNPEPSKSD,pd1,5b8c_ID_3
8gy5,H,L,P,EPVSAS,pd1,8gy5_ID_2
6k0y,A,B,C,EPKRDA,pd1,6k0y
7wsl,H,L,D,EPERSAS,pd1,7wsl
5b8c,H,G,I,DLNTPKISFK,pd1,5b8c_ID_4
5wt9,H,L,G,ALAPDKR,pd1,5wt9
5ggr,A,B,Y,AKRAPPD,pd1,5ggr_ID_1
5ggr,H,L,Z,AKAPSRDP,pd1,5ggr_ID_2
5ggs,A,B,Z,ADLSTNKSFK,pd1,5ggs_ID_2
5x8l,G,L,B,YYARERNHDVQDGM,pdl1,5x8l_ID_1
5x8m,B,C,A,VDYRKR,pdl1,5x8m
5x8l,S,N,D,RNVQDAMKE,pdl1,5x8l_ID_2
5grj,H,L,A,NSEYDME,pdl1,5grj
5x8l,F,K,A,NEVDGAMYRER,pdl1,5x8l_ID_3
5x8l,H,M,C,EQVDGDYGYARE,pdl1,5x8l_ID_4
5xj4,H,L,A,EDRR,pdl1,5xj4
5x8l,J,O,E,DAGYYRERNVD,pdl1,5x8l_ID_5
5xxy,H,L,A,ANHMVEIQDGYDAMKYRER,pdl1,5xxy
6txz,J,N,C,VIAMDF,tim3,6txz_ID_1
6txz,K,O,D,IMDGNEPFA,tim3,6txz_ID_2
6txz,I,M,B,FAIMNDG,tim3,6txz_ID_3
6txz,H,L,A,AVDGNEF,tim3,6txz_ID_4
