pdb_id,chain_id,partner_type,residue_name,residue_number,residue_id,chain_pair,interface_distance,residue_frequency
7dv4,H,antibody,SER,54,54,Hnan-G,5.0,5
7dv4,H,antibody,VAL,100,100,Hnan-G,5.0,1
7dv4,H,antibody,SER,57,57,Hnan-G,5.0,5
7dv4,H,antibody,LYS,32,32,Hnan-G,5.0,2
7dv4,H,antibody,GLY,1,1,Hnan-G,5.0,3
7dv4,H,antibody,TYR,34,34,Hnan-G,5.0,2
7dv4,H,antibody,SER,103,103,Hnan-G,5.0,5
7dv4,H,antibody,GLY,56,56,Hnan-G,5.0,3
7dv4,H,antibody,TYR,53,53,Hnan-G,5.0,2
7dv4,H,antibody,SER,106,106,Hnan-G,5.0,5
7dv4,H,antibody,HIS,102,102,Hnan-G,5.0,1
7dv4,H,antibody,THR,59,59,Hnan-G,5.0,1
7dv4,H,antibody,SER,105,105,Hnan-G,5.0,5
7dv4,H,antibody,ASP,108,108,Hnan-G,5.0,1
7dv4,H,antibody,ARG,98,98,Hnan-G,5.0,1
7dv4,H,antibody,HOH,201,201,Hnan-G,5.0,1
7dv4,H,antibody,PRO,104,104,Hnan-G,5.0,1
7dv4,H,antibody,LYS,58,58,Hnan-G,5.0,2
7dv4,H,antibody,GLY,55,55,Hnan-G,5.0,3
7dv4,H,antibody,PHE,107,107,Hnan-G,5.0,1
7dv4,H,antibody,ASN,33,33,Hnan-G,5.0,1
7dv4,G,antigen,MET,55,55,Hnan-G,5.0,2
7dv4,G,antigen,GLU,48,48,Hnan-G,5.0,3
7dv4,G,antigen,GLU,97,97,Hnan-G,5.0,3
7dv4,G,antigen,TYR,104,104,Hnan-G,5.0,3
7dv4,G,antigen,HOH,204,204,Hnan-G,5.0,1
7dv4,G,antigen,ARG,35,35,Hnan-G,5.0,1
7dv4,G,antigen,TYR,100,100,Hnan-G,5.0,3
7dv4,G,antigen,TYR,54,54,Hnan-G,5.0,3
7dv4,G,antigen,CYS,50,50,Hnan-G,5.0,1
7dv4,G,antigen,THR,61,61,Hnan-G,5.0,2
7dv4,G,antigen,VAL,49,49,Hnan-G,5.0,1
7dv4,G,antigen,MET,99,99,Hnan-G,5.0,2
7dv4,G,antigen,LEU,63,63,Hnan-G,5.0,1
7dv4,G,antigen,ALA,51,51,Hnan-G,5.0,1
7dv4,G,antigen,GLU,33,33,Hnan-G,5.0,3
7dv4,G,antigen,THR,53,53,Hnan-G,5.0,2
7dv4,G,antigen,ASP,64,64,Hnan-G,5.0,1
7dv4,G,antigen,ASN,58,58,Hnan-G,5.0,1
5tru,H,antibody,PHE,50,50,HL-C,5.0,1
5tru,L,antibody,TRP,97,97,HL-C,5.0,2
5tru,L,antibody,TYR,50,50,HL-C,5.0,5
5tru,H,antibody,GLY,103,103,HL-C,5.0,4
5tru,H,antibody,ASN,56,56,HL-C,5.0,2
5tru,H,antibody,LEU,102,102,HL-C,5.0,1
5tru,H,antibody,TYR,53,53,HL-C,5.0,5
5tru,L,antibody,SER,28,28,HL-C,5.0,6
5tru,H,antibody,TYR,59,59,HL-C,5.0,5
5tru,L,antibody,GLY,93,93,HL-C,5.0,4
5tru,L,antibody,SER,31,31,HL-C,5.0,6
5tru,H,antibody,SER,31,31,HL-C,5.0,6
5tru,H,antibody,SER,52,52,HL-C,5.0,6
5tru,L,antibody,GLY,30,30,HL-C,5.0,4
5tru,L,antibody,TYR,92,92,HL-C,5.0,5
5tru,L,antibody,TYR,33,33,HL-C,5.0,5
5tru,L,antibody,SER,95,95,HL-C,5.0,6
5tru,H,antibody,TRP,101,101,HL-C,5.0,2
5tru,H,antibody,GLY,100,100,HL-C,5.0,4
5tru,H,antibody,ASN,57,57,HL-C,5.0,2
5tru,L,antibody,SER,94,94,HL-C,5.0,6
5tru,C,antigen,PRO,103,103,HL-C,5.0,3
5tru,C,antigen,PRO,102,102,HL-C,5.0,3
5tru,C,antigen,LEU,106,106,HL-C,5.0,3
5tru,C,antigen,SER,44,44,HL-C,5.0,1
5tru,C,antigen,TYR,105,105,HL-C,5.0,3
5tru,C,antigen,ILE,108,108,HL-C,5.0,2
5tru,C,antigen,ILE,93,93,HL-C,5.0,2
5tru,C,antigen,MET,99,99,HL-C,5.0,2
5tru,C,antigen,MET,3,3,HL-C,5.0,2
5tru,C,antigen,LEU,98,98,HL-C,5.0,3
5tru,C,antigen,VAL,46,46,HL-C,5.0,1
5tru,C,antigen,TYR,104,104,HL-C,5.0,3
5tru,C,antigen,GLY,107,107,HL-C,5.0,1
5tru,C,antigen,LYS,95,95,HL-C,5.0,1
5tru,C,antigen,GLU,33,33,HL-C,5.0,3
5tru,C,antigen,ALA,2,2,HL-C,5.0,1
5tru,C,antigen,GLU,48,48,HL-C,5.0,3
5tru,C,antigen,PRO,101,101,HL-C,5.0,3
5tru,C,antigen,LEU,39,39,HL-C,5.0,3
5tru,C,antigen,TYR,100,100,HL-C,5.0,3
5tru,C,antigen,GLN,41,41,HL-C,5.0,1
5tru,C,antigen,HIS,4,4,HL-C,5.0,1
5tru,C,antigen,GLU,97,97,HL-C,5.0,3
5tru,C,antigen,ARG,35,35,HL-C,5.0,1
6xy2,H,antibody,ASN,106,106,HL-A,5.0,4
6xy2,H,antibody,SER,105,105,HL-A,5.0,2
6xy2,H,antibody,GLY,108,108,HL-A,5.0,2
6xy2,L,antibody,TYR,96,96,HL-A,5.0,8
6xy2,L,antibody,GLY,93,93,HL-A,5.0,2
6xy2,L,antibody,SER,31,31,HL-A,5.0,2
6xy2,H,antibody,TRP,52,52,HL-A,5.0,2
6xy2,H,antibody,ASN,58,58,HL-A,5.0,4
6xy2,L,antibody,TYR,30,30,HL-A,5.0,8
6xy2,L,antibody,TRP,92,92,HL-A,5.0,2
6xy2,H,antibody,TYR,107,107,HL-A,5.0,8
6xy2,H,antibody,ASP,54,54,HL-A,5.0,1
6xy2,L,antibody,LEU,91,91,HL-A,5.0,1
6xy2,H,antibody,TYR,110,110,HL-A,5.0,8
6xy2,L,antibody,THR,94,94,HL-A,5.0,1
6xy2,L,antibody,ASN,32,32,HL-A,5.0,4
6xy2,H,antibody,TYR,109,109,HL-A,5.0,8
6xy2,H,antibody,HIS,60,60,HL-A,5.0,1
6xy2,H,antibody,TYR,50,50,HL-A,5.0,8
6xy2,H,antibody,ASN,56,56,HL-A,5.0,4
6xy2,H,antibody,TYR,102,102,HL-A,5.0,8
6xy2,H,antibody,TYR,53,53,HL-A,5.0,8
6xy2,A,antigen,GLY,107,107,HL-A,5.0,1
6xy2,A,antigen,ALA,26,26,HL-A,5.0,1
6xy2,A,antigen,PRO,103,103,HL-A,5.0,4
6xy2,A,antigen,MET,3,3,HL-A,5.0,1
6xy2,A,antigen,SER,27,27,HL-A,5.0,1
6xy2,A,antigen,PRO,102,102,HL-A,5.0,4
6xy2,A,antigen,LEU,106,106,HL-A,5.0,2
6xy2,A,antigen,TYR,100,100,HL-A,5.0,3
6xy2,A,antigen,TYR,105,105,HL-A,5.0,3
6xy2,A,antigen,HIS,4,4,HL-A,5.0,1
6xy2,A,antigen,PRO,28,28,HL-A,5.0,4
6xy2,A,antigen,PRO,101,101,HL-A,5.0,4
6xy2,A,antigen,ILE,108,108,HL-A,5.0,1
6xy2,A,antigen,LEU,98,98,HL-A,5.0,2
6xy2,A,antigen,TYR,104,104,HL-A,5.0,3
6xy2,A,antigen,LYS,30,30,HL-A,5.0,1
7su0,I,antibody,TYR,52,52A,IM-D,5.0,4
7su0,I,antibody,TRP,97,97,IM-D,5.0,2
7su0,I,antibody,PHE,50,50,IM-D,5.0,1
7su0,I,antibody,ASN,56,56,IM-D,5.0,1
7su0,M,antibody,TYR,91,91,IM-D,5.0,4
7su0,I,antibody,ASP,53,53,IM-D,5.0,1
7su0,M,antibody,SER,94,94,IM-D,5.0,3
7su0,M,antibody,GLU,32,32,IM-D,5.0,2
7su0,M,antibody,GLY,29,29,IM-D,5.0,4
7su0,I,antibody,HOH,406,406,IM-D,5.0,1
7su0,I,antibody,FLC,301,301,IM-D,5.0,1
7su0,I,antibody,GLY,96,96,IM-D,5.0,4
7su0,I,antibody,HIS,31,31,IM-D,5.0,2
7su0,I,antibody,GLY,99,99,IM-D,5.0,4
7su0,M,antibody,THR,56,56,IM-D,5.0,2
7su0,I,antibody,TYR,58,58,IM-D,5.0,4
7su0,I,antibody,SER,52,52,IM-D,5.0,3
7su0,I,antibody,LEU,98,98,IM-D,5.0,1
7su0,I,antibody,HIS,55,55,IM-D,5.0,2
7su0,M,antibody,TRP,96,96,IM-D,5.0,2
7su0,M,antibody,SER,93,93,IM-D,5.0,3
7su0,M,antibody,TYR,49,49,IM-D,5.0,4
7su0,I,antibody,THR,33,33,IM-D,5.0,2
7su0,M,antibody,GLU,30,30,IM-D,5.0,2
7su0,M,antibody,GLY,92,92,IM-D,5.0,4
7su0,D,antigen,PRO,102,102,IM-D,5.0,3
7su0,D,antigen,THR,53,53,IM-D,5.0,3
7su0,D,antigen,LEU,106,106,IM-D,5.0,3
7su0,D,antigen,SER,44,44,IM-D,5.0,1
7su0,D,antigen,TYR,105,105,IM-D,5.0,3
7su0,D,antigen,ILE,108,108,IM-D,5.0,2
7su0,D,antigen,THR,47,47,IM-D,5.0,3
7su0,D,antigen,ILE,93,93,IM-D,5.0,2
7su0,D,antigen,MET,99,99,IM-D,5.0,2
7su0,D,antigen,THR,37,37,IM-D,5.0,3
7su0,D,antigen,MET,3,3,IM-D,5.0,2
7su0,D,antigen,LEU,98,98,IM-D,5.0,3
7su0,D,antigen,VAL,46,46,IM-D,5.0,1
7su0,D,antigen,TYR,104,104,IM-D,5.0,3
7su0,D,antigen,GLY,107,107,IM-D,5.0,1
7su0,D,antigen,GLN,45,45,IM-D,5.0,2
7su0,D,antigen,LYS,95,95,IM-D,5.0,1
7su0,D,antigen,GLU,33,33,IM-D,5.0,3
7su0,D,antigen,ALA,2,2,IM-D,5.0,1
7su0,D,antigen,GLU,48,48,IM-D,5.0,3
7su0,D,antigen,PRO,101,101,IM-D,5.0,3
7su0,D,antigen,LEU,39,39,IM-D,5.0,3
7su0,D,antigen,TYR,100,100,IM-D,5.0,3
7su0,D,antigen,GLN,41,41,IM-D,5.0,2
7su0,D,antigen,HIS,4,4,IM-D,5.0,1
7su0,D,antigen,GLU,97,97,IM-D,5.0,3
7su0,D,antigen,ARG,35,35,IM-D,5.0,1
7su0,D,antigen,PRO,103,103,IM-D,5.0,3
7su1,L,antibody,SER,93,93,HL-C,5.0,2
7su1,H,antibody,HIS,31,31,HL-C,5.0,3
7su1,H,antibody,GLY,99,99,HL-C,5.0,3
7su1,L,antibody,GLY,92,92,HL-C,5.0,3
7su1,H,antibody,LEU,98,98,HL-C,5.0,1
7su1,H,antibody,TYR,58,58,HL-C,5.0,3
7su1,H,antibody,HIS,55,55,HL-C,5.0,3
7su1,L,antibody,HOH,312,312,HL-C,5.0,2
7su1,H,antibody,HIS,95,95,HL-C,5.0,3
7su1,L,antibody,TYR,91,91,HL-C,5.0,3
7su1,L,antibody,SER,94,94,HL-C,5.0,2
7su1,L,antibody,GLU,32,32,HL-C,5.0,2
7su1,L,antibody,GLY,29,29,HL-C,5.0,3
7su1,L,antibody,HOH,308,308,HL-C,5.0,2
7su1,H,antibody,TYR,52,52A,HL-C,5.0,3
7su1,H,antibody,TRP,97,97,HL-C,5.0,2
7su1,L,antibody,GLU,27,27A,HL-C,5.0,2
7su1,L,antibody,VAL,28,28,HL-C,5.0,1
7su1,H,antibody,PHE,50,50,HL-C,5.0,1
7su1,H,antibody,ASN,56,56,HL-C,5.0,1
7su1,L,antibody,TRP,96,96,HL-C,5.0,2
7su1,C,antigen,MET,3,3,HL-C,5.0,2
7su1,C,antigen,LEU,98,98,HL-C,5.0,3
7su1,C,antigen,VAL,46,46,HL-C,5.0,1
7su1,C,antigen,TYR,104,104,HL-C,5.0,3
7su1,C,antigen,LYS,95,95,HL-C,5.0,1
7su1,C,antigen,GLU,33,33,HL-C,5.0,2
7su1,C,antigen,ALA,2,2,HL-C,5.0,1
7su1,C,antigen,GLU,48,48,HL-C,5.0,2
7su1,C,antigen,LEU,39,39,HL-C,5.0,3
7su1,C,antigen,TYR,100,100,HL-C,5.0,3
7su1,C,antigen,ARG,35,35,HL-C,5.0,1
7su1,C,antigen,PRO,103,103,HL-C,5.0,2
7su1,C,antigen,PRO,102,102,HL-C,5.0,2
7su1,C,antigen,THR,53,53,HL-C,5.0,2
7su1,C,antigen,LEU,106,106,HL-C,5.0,3
7su1,C,antigen,TYR,105,105,HL-C,5.0,3
7su1,C,antigen,ILE,108,108,HL-C,5.0,1
7su1,C,antigen,THR,47,47,HL-C,5.0,2
7su1,C,antigen,MET,99,99,HL-C,5.0,2
7elx,H,antibody,TYR,59,59,HL-C,5.0,5
7elx,H,antibody,HOH,597,597,HL-C,5.0,16
7elx,L,antibody,HOH,428,428,HL-C,5.0,16
7elx,H,antibody,SER,31,31,HL-C,5.0,6
7elx,L,antibody,GLY,93,93,HL-C,5.0,4
7elx,H,antibody,HOH,554,554,HL-C,5.0,16
7elx,L,antibody,SER,31,31,HL-C,5.0,6
7elx,H,antibody,THR,99,99,HL-C,5.0,2
7elx,H,antibody,SER,52,52,HL-C,5.0,6
7elx,H,antibody,HOH,510,510,HL-C,5.0,16
7elx,L,antibody,GLY,30,30,HL-C,5.0,4
7elx,L,antibody,TYR,92,92,HL-C,5.0,5
7elx,L,antibody,SER,95,95,HL-C,5.0,6
7elx,H,antibody,HOH,581,581,HL-C,5.0,16
7elx,L,antibody,TYR,33,33,HL-C,5.0,5
7elx,H,antibody,THR,33,33,HL-C,5.0,2
7elx,H,antibody,TRP,101,101,HL-C,5.0,2
7elx,L,antibody,HOH,371,371,HL-C,5.0,16
7elx,L,antibody,HOH,460,460,HL-C,5.0,16
7elx,H,antibody,GLY,100,100,HL-C,5.0,4
7elx,L,antibody,HOH,392,392,HL-C,5.0,16
7elx,H,antibody,ASN,57,57,HL-C,5.0,1
7elx,H,antibody,HOH,562,562,HL-C,5.0,16
7elx,L,antibody,HOH,311,311,HL-C,5.0,16
7elx,L,antibody,VAL,29,29,HL-C,5.0,1
7elx,L,antibody,SER,94,94,HL-C,5.0,6
7elx,L,antibody,SER,32,32,HL-C,5.0,6
7elx,H,antibody,HOH,537,537,HL-C,5.0,16
7elx,L,antibody,HOH,475,475,HL-C,5.0,16
7elx,L,antibody,TRP,97,97,HL-C,5.0,2
7elx,L,antibody,TYR,50,50,HL-C,5.0,5
7elx,H,antibody,PHE,50,50,HL-C,5.0,1
7elx,H,antibody,GLY,103,103,HL-C,5.0,4
7elx,L,antibody,HOH,372,372,HL-C,5.0,16
7elx,H,antibody,LEU,102,102,HL-C,5.0,1
7elx,H,antibody,TYR,53,53,HL-C,5.0,5
7elx,H,antibody,HOH,623,623,HL-C,5.0,16
7elx,L,antibody,HOH,403,403,HL-C,5.0,16
7elx,L,antibody,HOH,329,329,HL-C,5.0,16
7elx,C,antigen,HOH,220,220,HL-C,5.0,14
7elx,C,antigen,VAL,46,46,HL-C,5.0,2
7elx,C,antigen,TYR,104,104,HL-C,5.0,3
7elx,C,antigen,HOH,204,204,HL-C,5.0,14
7elx,C,antigen,HOH,235,235,HL-C,5.0,14
7elx,C,antigen,GLY,107,107,HL-C,5.0,1
7elx,C,antigen,GLU,33,33,HL-C,5.0,3
7elx,C,antigen,ALA,2,2,HL-C,5.0,1
7elx,C,antigen,LYS,95,95,HL-C,5.0,2
7elx,C,antigen,HOH,225,225,HL-C,5.0,14
7elx,C,antigen,GLU,48,48,HL-C,5.0,3
7elx,C,antigen,VAL,5,5,HL-C,5.0,2
7elx,C,antigen,PRO,101,101,HL-C,5.0,3
7elx,C,antigen,LEU,39,39,HL-C,5.0,3
7elx,C,antigen,TYR,100,100,HL-C,5.0,3
7elx,C,antigen,HOH,219,219,HL-C,5.0,14
7elx,C,antigen,HOH,216,216,HL-C,5.0,14
7elx,C,antigen,GLN,41,41,HL-C,5.0,1
7elx,C,antigen,HOH,206,206,HL-C,5.0,14
7elx,C,antigen,LYS,1,1,HL-C,5.0,2
7elx,C,antigen,HOH,209,209,HL-C,5.0,14
7elx,C,antigen,HIS,4,4,HL-C,5.0,1
7elx,C,antigen,GLU,97,97,HL-C,5.0,3
7elx,C,antigen,ARG,35,35,HL-C,5.0,1
7elx,C,antigen,HOH,231,231,HL-C,5.0,14
7elx,C,antigen,PRO,103,103,HL-C,5.0,3
7elx,C,antigen,HOH,230,230,HL-C,5.0,14
7elx,C,antigen,SER,44,44,HL-C,5.0,1
7elx,C,antigen,PRO,102,102,HL-C,5.0,3
7elx,C,antigen,HOH,224,224,HL-C,5.0,14
7elx,C,antigen,LEU,106,106,HL-C,5.0,3
7elx,C,antigen,ILE,108,108,HL-C,5.0,2
7elx,C,antigen,TYR,105,105,HL-C,5.0,3
7elx,C,antigen,THR,47,47,HL-C,5.0,2
7elx,C,antigen,ILE,93,93,HL-C,5.0,2
7elx,C,antigen,HOH,223,223,HL-C,5.0,14
7elx,C,antigen,MET,99,99,HL-C,5.0,2
7elx,C,antigen,THR,37,37,HL-C,5.0,2
7elx,C,antigen,MET,3,3,HL-C,5.0,2
7elx,C,antigen,HOH,217,217,HL-C,5.0,14
7elx,C,antigen,LEU,98,98,HL-C,5.0,3
7elx,C,antigen,HOH,232,232,HL-C,5.0,14
9dq5,H,antibody,TYR,33,33,HL-C,5.0,7
9dq5,L,antibody,ASN,33,33,HL-C,5.0,4
9dq5,L,antibody,TYR,101,101,HL-C,5.0,7
9dq5,H,antibody,GLY,101,101,HL-C,5.0,3
9dq5,H,antibody,TYR,54,54,HL-C,5.0,7
9dq5,H,antibody,TYR,100,100,HL-C,5.0,7
9dq5,H,antibody,ASP,57,57,HL-C,5.0,2
9dq5,L,antibody,SER,32,32,HL-C,5.0,3
9dq5,H,antibody,TYR,32,32,HL-C,5.0,7
9dq5,L,antibody,SER,97,97,HL-C,5.0,3
9dq5,L,antibody,ASN,35,35,HL-C,5.0,4
9dq5,H,antibody,VAL,50,50,HL-C,5.0,2
9dq5,L,antibody,GLY,34,34,HL-C,5.0,3
9dq5,H,antibody,TRP,103,103,HL-C,5.0,1
9dq5,H,antibody,SER,59,59,HL-C,5.0,3
9dq5,L,antibody,GLY,96,96,HL-C,5.0,3
9dq5,L,antibody,HIS,31,31,HL-C,5.0,1
9dq5,H,antibody,ASP,31,31,HL-C,5.0,2
9dq5,H,antibody,TYR,99,99,HL-C,5.0,7
9dq5,L,antibody,TYR,37,37,HL-C,5.0,7
9dq5,L,antibody,VAL,99,99,HL-C,5.0,2
9dq5,H,antibody,ASN,52,52,HL-C,5.0,4
9dq5,H,antibody,THR,58,58,HL-C,5.0,1
9dq5,H,antibody,ASN,55,55,HL-C,5.0,4
9dq5,C,antigen,PRO,25,25,HL-C,5.0,4
9dq5,C,antigen,PHE,103,103,HL-C,5.0,1
9dq5,C,antigen,TYR,102,102,HL-C,5.0,2
9dq5,C,antigen,THR,53,53,HL-C,5.0,1
9dq5,C,antigen,ASN,28,28,HL-C,5.0,1
9dq5,C,antigen,GLU,31,31,HL-C,5.0,3
9dq5,C,antigen,ALA,0,0,HL-C,5.0,1
9dq5,C,antigen,PRO,99,99,HL-C,5.0,4
9dq5,C,antigen,TYR,98,98,HL-C,5.0,2
9dq5,C,antigen,LYS,55,55,HL-C,5.0,1
9dq5,C,antigen,SER,24,24,HL-C,5.0,1
9dq5,C,antigen,ASP,30,30,HL-C,5.0,1
9dq5,C,antigen,HIS,27,27,HL-C,5.0,1
9dq5,C,antigen,GLN,2,2,HL-C,5.0,1
9dq5,C,antigen,PRO,101,101,HL-C,5.0,4
9dq5,C,antigen,GLU,54,54,HL-C,5.0,3
9dq5,C,antigen,PRO,100,100,HL-C,5.0,4
9dq5,C,antigen,ILE,1,1,HL-C,5.0,1
9dq5,C,antigen,GLU,-1,-1,HL-C,5.0,3
9dq4,L,antibody,SER,95,95,HL-A,5.0,3
9dq4,L,antibody,PRO,33,33,HL-A,5.0,2
9dq4,L,antibody,HOH,352,352,HL-A,5.0,22
9dq4,H,antibody,HIS,57,57,HL-A,5.0,1
9dq4,H,antibody,HOH,342,342,HL-A,5.0,22
9dq4,H,antibody,HOH,438,438,HL-A,5.0,22
9dq4,L,antibody,HOH,466,466,HL-A,5.0,22
9dq4,H,antibody,HOH,444,444,HL-A,5.0,22
9dq4,H,antibody,HOH,395,395,HL-A,5.0,22
9dq4,H,antibody,HOH,410,410,HL-A,5.0,22
9dq4,L,antibody,SER,32,32,HL-A,5.0,3
9dq4,L,antibody,VAL,29,29,HL-A,5.0,2
9dq4,H,antibody,GLY,103,103,HL-A,5.0,4
9dq4,L,antibody,GLN,94,94,HL-A,5.0,1
9dq4,H,antibody,ARG,56,56,HL-A,5.0,1
9dq4,L,antibody,TYR,92,92,HL-A,5.0,4
9dq4,H,antibody,TYR,53,53,HL-A,5.0,4
9dq4,L,antibody,HOH,410,410,HL-A,5.0,22
9dq4,L,antibody,TRP,97,97,HL-A,5.0,3
9dq4,H,antibody,LEU,102,102,HL-A,5.0,1
9dq4,H,antibody,TYR,59,59,HL-A,5.0,4
9dq4,L,antibody,TYR,50,50,HL-A,5.0,4
9dq4,L,antibody,HOH,308,308,HL-A,5.0,22
9dq4,L,antibody,PHE,53,53,HL-A,5.0,1
9dq4,H,antibody,LYS,31,31,HL-A,5.0,2
9dq4,L,antibody,HOH,347,347,HL-A,5.0,22
9dq4,H,antibody,THR,99,99,HL-A,5.0,1
9dq4,H,antibody,HOH,369,369,HL-A,5.0,22
9dq4,L,antibody,HOH,344,344,HL-A,5.0,22
9dq4,H,antibody,SER,52,52,HL-A,5.0,3
9dq4,L,antibody,PRO,96,96,HL-A,5.0,2
9dq4,L,antibody,HOH,412,412,HL-A,5.0,22
9dq4,L,antibody,GLY,93,93,HL-A,5.0,4
9dq4,L,antibody,HOH,338,338,HL-A,5.0,22
9dq4,H,antibody,HOH,387,387,HL-A,5.0,22
9dq4,L,antibody,TRP,31,31,HL-A,5.0,3
9dq4,L,antibody,HOH,322,322,HL-A,5.0,22
9dq4,H,antibody,LYS,58,58,HL-A,5.0,2
9dq4,L,antibody,HOH,474,474,HL-A,5.0,22
9dq4,L,antibody,HOH,332,332,HL-A,5.0,22
9dq4,L,antibody,HOH,449,449,HL-A,5.0,22
9dq4,H,antibody,HOH,356,356,HL-A,5.0,22
9dq4,H,antibody,HOH,321,321,HL-A,5.0,22
9dq4,H,antibody,VAL,33,33,HL-A,5.0,2
9dq4,H,antibody,HOH,383,383,HL-A,5.0,22
9dq4,L,antibody,GLY,30,30,HL-A,5.0,4
9dq4,H,antibody,TRP,101,101,HL-A,5.0,3
9dq4,H,antibody,ASP,54,54,HL-A,5.0,1
9dq4,H,antibody,GLY,100,100,HL-A,5.0,4
9dq4,A,antigen,LEU,91,91,HL-A,5.0,3
9dq4,A,antigen,HOH,222,222,HL-A,5.0,18
9dq4,A,antigen,HOH,237,237,HL-A,5.0,18
9dq4,A,antigen,TYR,63,63,HL-A,5.0,3
9dq4,A,antigen,HOH,221,221,HL-A,5.0,18
9dq4,A,antigen,ILE,1,1,HL-A,5.0,1
9dq4,A,antigen,MET,97,97,HL-A,5.0,3
9dq4,A,antigen,THR,35,35,HL-A,5.0,4
9dq4,A,antigen,PRO,25,25,HL-A,5.0,4
9dq4,A,antigen,PHE,103,103,HL-A,5.0,1
9dq4,A,antigen,THR,53,53,HL-A,5.0,4
9dq4,A,antigen,MET,106,106,HL-A,5.0,3
9dq4,A,antigen,HOH,249,249,HL-A,5.0,18
9dq4,A,antigen,MET,44,44,HL-A,5.0,3
9dq4,A,antigen,TYR,102,102,HL-A,5.0,3
9dq4,A,antigen,HOH,202,202,HL-A,5.0,18
9dq4,A,antigen,HOH,233,233,HL-A,5.0,18
9dq4,A,antigen,GLY,105,105,HL-A,5.0,1
9dq4,A,antigen,ASN,108,108,HL-A,5.0,1
9dq4,A,antigen,HOH,208,208,HL-A,5.0,18
9dq4,A,antigen,LEU,96,96,HL-A,5.0,3
9dq4,A,antigen,HOH,239,239,HL-A,5.0,18
9dq4,A,antigen,LYS,93,93,HL-A,5.0,1
9dq4,A,antigen,HOH,223,223,HL-A,5.0,18
9dq4,A,antigen,GLU,31,31,HL-A,5.0,3
9dq4,A,antigen,HOH,227,227,HL-A,5.0,18
9dq4,A,antigen,HOH,242,242,HL-A,5.0,18
9dq4,A,antigen,PRO,99,99,HL-A,5.0,4
9dq4,A,antigen,LEU,37,37,HL-A,5.0,3
9dq4,A,antigen,VAL,3,3,HL-A,5.0,2
9dq4,A,antigen,TYR,98,98,HL-A,5.0,3
9dq4,A,antigen,HOH,263,263,HL-A,5.0,18
9dq4,A,antigen,GLU,46,46,HL-A,5.0,3
9dq4,A,antigen,VAL,104,104,HL-A,5.0,2
9dq4,A,antigen,SER,24,24,HL-A,5.0,1
9dq4,A,antigen,HOH,238,238,HL-A,5.0,18
9dq4,A,antigen,THR,45,45,HL-A,5.0,4
9dq4,A,antigen,HIS,27,27,HL-A,5.0,1
9dq4,A,antigen,HOH,241,241,HL-A,5.0,18
9dq4,A,antigen,GLU,95,95,HL-A,5.0,3
9dq4,A,antigen,HOH,225,225,HL-A,5.0,18
9dq4,A,antigen,ARG,33,33,HL-A,5.0,1
9dq4,A,antigen,THR,51,51,HL-A,5.0,4
9dq4,A,antigen,HOH,207,207,HL-A,5.0,18
9dq4,A,antigen,GLN,2,2,HL-A,5.0,2
9dq4,A,antigen,PRO,101,101,HL-A,5.0,4
9dq4,A,antigen,GLN,39,39,HL-A,5.0,2
9dq4,A,antigen,PRO,100,100,HL-A,5.0,4
9dq4,A,antigen,HOH,250,250,HL-A,5.0,18
9dq4,A,antigen,HOH,219,219,HL-A,5.0,18
9dq3,H,antibody,GLY,100,100,HL-C,5.0,4
9dq3,L,antibody,HOH,432,432,HL-C,5.0,21
9dq3,L,antibody,HOH,376,376,HL-C,5.0,21
9dq3,H,antibody,HIS,57,57,HL-C,5.0,1
9dq3,L,antibody,SER,32,32,HL-C,5.0,3
9dq3,H,antibody,HOH,422,422,HL-C,5.0,21
9dq3,L,antibody,HOH,330,330,HL-C,5.0,21
9dq3,L,antibody,VAL,29,29,HL-C,5.0,2
9dq3,H,antibody,TYR,32,32,HL-C,5.0,5
9dq3,L,antibody,GLN,94,94,HL-C,5.0,1
9dq3,L,antibody,HOH,317,317,HL-C,5.0,21
9dq3,L,antibody,TRP,97,97,HL-C,5.0,3
9dq3,L,antibody,HOH,336,336,HL-C,5.0,21
9dq3,L,antibody,HOH,351,351,HL-C,5.0,21
9dq3,L,antibody,TYR,50,50,HL-C,5.0,5
9dq3,H,antibody,GLY,103,103,HL-C,5.0,4
9dq3,L,antibody,HOH,400,400,HL-C,5.0,21
9dq3,H,antibody,HOH,339,339,HL-C,5.0,21
9dq3,H,antibody,ARG,56,56,HL-C,5.0,1
9dq3,H,antibody,LEU,102,102,HL-C,5.0,1
9dq3,H,antibody,TYR,59,59,HL-C,5.0,5
9dq3,H,antibody,TYR,53,53,HL-C,5.0,5
9dq3,H,antibody,HOH,403,403,HL-C,5.0,21
9dq3,H,antibody,LYS,31,31,HL-C,5.0,1
9dq3,L,antibody,GLY,93,93,HL-C,5.0,4
9dq3,L,antibody,HOH,396,396,HL-C,5.0,21
9dq3,L,antibody,TRP,31,31,HL-C,5.0,3
9dq3,H,antibody,THR,99,99,HL-C,5.0,1
9dq3,H,antibody,HOH,396,396,HL-C,5.0,21
9dq3,H,antibody,HOH,402,402,HL-C,5.0,21
9dq3,H,antibody,SER,52,52,HL-C,5.0,3
9dq3,L,antibody,HOH,328,328,HL-C,5.0,21
9dq3,L,antibody,GLY,30,30,HL-C,5.0,4
9dq3,L,antibody,TYR,92,92,HL-C,5.0,5
9dq3,H,antibody,HOH,362,362,HL-C,5.0,21
9dq3,H,antibody,HOH,346,346,HL-C,5.0,21
9dq3,L,antibody,SER,95,95,HL-C,5.0,3
9dq3,L,antibody,PRO,33,33,HL-C,5.0,1
9dq3,H,antibody,HOH,380,380,HL-C,5.0,21
9dq3,H,antibody,HOH,367,367,HL-C,5.0,21
9dq3,H,antibody,VAL,33,33,HL-C,5.0,2
9dq3,L,antibody,HOH,352,352,HL-C,5.0,21
9dq3,H,antibody,TRP,101,101,HL-C,5.0,3
9dq3,H,antibody,ASP,54,54,HL-C,5.0,1
9dq3,L,antibody,HOH,340,340,HL-C,5.0,21
9dq3,H,antibody,HOH,386,386,HL-C,5.0,21
9dq3,C,antigen,PRO,103,103,HL-C,5.0,2
9dq3,C,antigen,HOH,215,215,HL-C,5.0,11
9dq3,C,antigen,LEU,106,106,HL-C,5.0,3
9dq3,C,antigen,PRO,102,102,HL-C,5.0,2
9dq3,C,antigen,TYR,105,105,HL-C,5.0,3
9dq3,C,antigen,ILE,108,108,HL-C,5.0,2
9dq3,C,antigen,THR,47,47,HL-C,5.0,1
9dq3,C,antigen,ILE,93,93,HL-C,5.0,2
9dq3,C,antigen,MET,99,99,HL-C,5.0,2
9dq3,C,antigen,HOH,211,211,HL-C,5.0,11
9dq3,C,antigen,HOH,226,226,HL-C,5.0,11
9dq3,C,antigen,MET,3,3,HL-C,5.0,2
9dq3,C,antigen,HOH,217,217,HL-C,5.0,11
9dq3,C,antigen,LEU,98,98,HL-C,5.0,3
9dq3,C,antigen,VAL,46,46,HL-C,5.0,1
9dq3,C,antigen,TYR,104,104,HL-C,5.0,3
9dq3,C,antigen,HOH,214,214,HL-C,5.0,11
9dq3,C,antigen,HOH,204,204,HL-C,5.0,11
9dq3,C,antigen,GLY,107,107,HL-C,5.0,1
9dq3,C,antigen,GLU,33,33,HL-C,5.0,3
9dq3,C,antigen,LYS,95,95,HL-C,5.0,1
9dq3,C,antigen,HOH,213,213,HL-C,5.0,11
9dq3,C,antigen,GLU,48,48,HL-C,5.0,3
9dq3,C,antigen,LEU,39,39,HL-C,5.0,3
9dq3,C,antigen,TYR,100,100,HL-C,5.0,3
9dq3,C,antigen,HOH,216,216,HL-C,5.0,11
9dq3,C,antigen,HOH,203,203,HL-C,5.0,11
9dq3,C,antigen,ASN,110,110,HL-C,5.0,1
9dq3,C,antigen,GLN,41,41,HL-C,5.0,1
9dq3,C,antigen,HOH,212,212,HL-C,5.0,11
9dq3,C,antigen,GLU,97,97,HL-C,5.0,3
9dq3,C,antigen,HOH,209,209,HL-C,5.0,11
9dq3,C,antigen,HIS,4,4,HL-C,5.0,1
9dq3,C,antigen,ARG,35,35,HL-C,5.0,1
6rp8,l,antibody,TRP,97,97,hl-c,5.0,2
6rp8,l,antibody,TYR,50,50,hl-c,5.0,5
6rp8,h,antibody,THR,33,33,hl-c,5.0,1
6rp8,h,antibody,TRP,101,101,hl-c,5.0,2
6rp8,h,antibody,GLY,100,100,hl-c,5.0,3
6rp8,l,antibody,HOH,301,301,hl-c,5.0,1
6rp8,h,antibody,ASN,57,57,hl-c,5.0,2
6rp8,l,antibody,GLY,93,93,hl-c,5.0,3
6rp8,h,antibody,PHE,50,50,hl-c,5.0,1
6rp8,h,antibody,GLY,103,103,hl-c,5.0,3
6rp8,l,antibody,TYR,92,92,hl-c,5.0,5
6rp8,h,antibody,ASN,56,56,hl-c,5.0,2
6rp8,h,antibody,LEU,102,102,hl-c,5.0,1
6rp8,h,antibody,TYR,53,53,hl-c,5.0,5
6rp8,l,antibody,SER,95,95,hl-c,5.0,5
6rp8,h,antibody,TYR,59,59,hl-c,5.0,5
6rp8,l,antibody,TYR,33,33,hl-c,5.0,5
6rp8,h,antibody,SER,31,31,hl-c,5.0,5
6rp8,h,antibody,SER,52,52,hl-c,5.0,5
6rp8,l,antibody,SER,94,94,hl-c,5.0,5
6rp8,l,antibody,SER,32,32,hl-c,5.0,5
6rp8,c,antigen,GLU,48,48,hl-c,5.0,3
6rp8,c,antigen,PRO,101,101,hl-c,5.0,3
6rp8,c,antigen,LEU,39,39,hl-c,5.0,2
6rp8,c,antigen,TYR,100,100,hl-c,5.0,3
6rp8,c,antigen,GLN,41,41,hl-c,5.0,1
6rp8,c,antigen,GLU,97,97,hl-c,5.0,3
6rp8,c,antigen,ARG,35,35,hl-c,5.0,1
6rp8,c,antigen,HIS,4,4,hl-c,5.0,1
6rp8,c,antigen,PRO,103,103,hl-c,5.0,3
6rp8,c,antigen,LEU,106,106,hl-c,5.0,2
6rp8,c,antigen,SER,44,44,hl-c,5.0,1
6rp8,c,antigen,PRO,102,102,hl-c,5.0,3
6rp8,c,antigen,TYR,105,105,hl-c,5.0,3
6rp8,c,antigen,ILE,108,108,hl-c,5.0,2
6rp8,c,antigen,THR,47,47,hl-c,5.0,1
6rp8,c,antigen,ILE,93,93,hl-c,5.0,2
6rp8,c,antigen,MET,99,99,hl-c,5.0,2
6rp8,c,antigen,MET,3,3,hl-c,5.0,2
6rp8,c,antigen,VAL,46,46,hl-c,5.0,1
6rp8,c,antigen,TYR,104,104,hl-c,5.0,3
6rp8,c,antigen,LYS,95,95,hl-c,5.0,1
6rp8,c,antigen,GLY,107,107,hl-c,5.0,1
6rp8,c,antigen,GLU,33,33,hl-c,5.0,3
5xj3,B,antibody,SER,95,95,AB-C,5.0,5
5xj3,B,antibody,TYR,33,33,AB-C,5.0,5
5xj3,A,antibody,THR,33,33,AB-C,5.0,1
5xj3,A,antibody,TRP,101,101,AB-C,5.0,2
5xj3,A,antibody,ASP,54,54,AB-C,5.0,1
5xj3,A,antibody,GLY,100,100,AB-C,5.0,3
5xj3,A,antibody,ASN,57,57,AB-C,5.0,1
5xj3,B,antibody,SER,94,94,AB-C,5.0,5
5xj3,B,antibody,SER,32,32,AB-C,5.0,5
5xj3,B,antibody,TRP,97,97,AB-C,5.0,2
5xj3,B,antibody,TYR,50,50,AB-C,5.0,5
5xj3,A,antibody,PHE,50,50,AB-C,5.0,1
5xj3,A,antibody,GLY,103,103,AB-C,5.0,3
5xj3,A,antibody,LEU,102,102,AB-C,5.0,1
5xj3,A,antibody,TYR,59,59,AB-C,5.0,5
5xj3,A,antibody,TYR,53,53,AB-C,5.0,5
5xj3,B,antibody,GLY,93,93,AB-C,5.0,3
5xj3,A,antibody,SER,31,31,AB-C,5.0,5
5xj3,A,antibody,SER,52,52,AB-C,5.0,5
5xj3,B,antibody,TYR,92,92,AB-C,5.0,5
5xj3,B,antibody,GLN,27,27,AB-C,5.0,1
5xj3,C,antigen,ILE,128,128,AB-C,5.0,2
5xj3,C,antigen,LYS,130,130,AB-C,5.0,2
5xj3,C,antigen,VAL,81,81,AB-C,5.0,1
5xj3,C,antigen,MET,38,38,AB-C,5.0,2
5xj3,C,antigen,ILE,143,143,AB-C,5.0,2
5xj3,C,antigen,LEU,74,74,AB-C,5.0,2
5xj3,C,antigen,TYR,139,139,AB-C,5.0,3
5xj3,C,antigen,GLY,142,142,AB-C,5.0,1
5xj3,C,antigen,GLU,68,68,AB-C,5.0,3
5xj3,C,antigen,GLU,83,83,AB-C,5.0,3
5xj3,C,antigen,PRO,136,136,AB-C,5.0,3
5xj3,C,antigen,TYR,135,135,AB-C,5.0,3
5xj3,C,antigen,LEU,141,141,AB-C,5.0,2
5xj3,C,antigen,PRO,138,138,AB-C,5.0,3
5xj3,C,antigen,THR,82,82,AB-C,5.0,3
5xj3,C,antigen,SER,79,79,AB-C,5.0,1
5xj3,C,antigen,GLU,132,132,AB-C,5.0,3
5xj3,C,antigen,ARG,70,70,AB-C,5.0,1
5xj3,C,antigen,LYS,36,36,AB-C,5.0,2
5xj3,C,antigen,MET,134,134,AB-C,5.0,2
5xj3,C,antigen,PRO,137,137,AB-C,5.0,3
5xj3,C,antigen,THR,88,88,AB-C,5.0,3
5xj3,C,antigen,THR,72,72,AB-C,5.0,3
5xj3,C,antigen,TYR,140,140,AB-C,5.0,3
5ggv,H,antibody,ALA,103,103,HL-Y,5.0,1
5ggv,H,antibody,SER,56,56,HL-Y,5.0,4
5ggv,H,antibody,GLY,102,102,HL-Y,5.0,1
5ggv,H,antibody,HOH,468,468,HL-Y,5.0,34
5ggv,H,antibody,TYR,53,53,HL-Y,5.0,9
5ggv,L,antibody,HOH,345,345,HL-Y,5.0,34
5ggv,H,antibody,TYR,106,106,HL-Y,5.0,9
5ggv,H,antibody,HOH,434,434,HL-Y,5.0,34
5ggv,L,antibody,HOH,329,329,HL-Y,5.0,34
5ggv,L,antibody,SER,28,28,HL-Y,5.0,4
5ggv,H,antibody,TYR,59,59,HL-Y,5.0,9
5ggv,H,antibody,LEU,105,105,HL-Y,5.0,1
5ggv,H,antibody,HOH,304,304,HL-Y,5.0,34
5ggv,L,antibody,HOH,347,347,HL-Y,5.0,34
5ggv,H,antibody,HOH,425,425,HL-Y,5.0,34
5ggv,H,antibody,TYR,108,108,HL-Y,5.0,9
5ggv,H,antibody,HOH,378,378,HL-Y,5.0,34
5ggv,H,antibody,HOH,301,301,HL-Y,5.0,34
5ggv,H,antibody,HOH,428,428,HL-Y,5.0,34
5ggv,L,antibody,PHE,96,96,HL-Y,5.0,1
5ggv,L,antibody,SER,93,93,HL-Y,5.0,4
5ggv,H,antibody,HOH,366,366,HL-Y,5.0,34
5ggv,L,antibody,SER,31,31,HL-Y,5.0,4
5ggv,H,antibody,ASP,62,62,HL-Y,5.0,2
5ggv,H,antibody,HOH,338,338,HL-Y,5.0,34
5ggv,H,antibody,HOH,337,337,HL-Y,5.0,34
5ggv,L,antibody,HOH,449,449,HL-Y,5.0,34
5ggv,H,antibody,TRP,52,52,HL-Y,5.0,1
5ggv,H,antibody,HOH,421,421,HL-Y,5.0,34
5ggv,H,antibody,THR,104,104,HL-Y,5.0,2
5ggv,L,antibody,TYR,92,92,HL-Y,5.0,9
5ggv,L,antibody,ASN,30,30,HL-Y,5.0,2
5ggv,H,antibody,TYR,107,107,HL-Y,5.0,9
5ggv,H,antibody,HOH,439,439,HL-Y,5.0,34
5ggv,L,antibody,HOH,430,430,HL-Y,5.0,34
5ggv,L,antibody,GLN,27,27,HL-Y,5.0,1
5ggv,L,antibody,HOH,457,457,HL-Y,5.0,34
5ggv,H,antibody,HOH,303,303,HL-Y,5.0,34
5ggv,L,antibody,HOH,315,315,HL-Y,5.0,34
5ggv,L,antibody,HOH,352,352,HL-Y,5.0,34
5ggv,L,antibody,PRO,95,95,HL-Y,5.0,1
5ggv,H,antibody,ARG,101,101,HL-Y,5.0,1
5ggv,H,antibody,HOH,306,306,HL-Y,5.0,34
5ggv,H,antibody,HOH,401,401,HL-Y,5.0,34
5ggv,H,antibody,HOH,454,454,HL-Y,5.0,34
5ggv,L,antibody,TYR,91,91,HL-Y,5.0,9
5ggv,L,antibody,HOH,343,343,HL-Y,5.0,34
5ggv,H,antibody,HOH,343,343,HL-Y,5.0,34
5ggv,H,antibody,ASN,57,57,HL-Y,5.0,2
5ggv,H,antibody,TYR,110,110,HL-Y,5.0,9
5ggv,L,antibody,THR,94,94,HL-Y,5.0,2
5ggv,L,antibody,HOH,453,453,HL-Y,5.0,34
5ggv,L,antibody,TYR,32,32,HL-Y,5.0,9
5ggv,L,antibody,ASP,1,1,HL-Y,5.0,2
5ggv,L,antibody,ILE,29,29,HL-Y,5.0,1
5ggv,H,antibody,HOH,444,444,HL-Y,5.0,34
5ggv,H,antibody,HOH,361,361,HL-Y,5.0,34
5ggv,L,antibody,HOH,348,348,HL-Y,5.0,34
5ggv,L,antibody,HOH,444,444,HL-Y,5.0,34
5ggv,L,antibody,HOH,363,363,HL-Y,5.0,34
5ggv,H,antibody,HOH,385,385,HL-Y,5.0,34
5ggv,H,antibody,HOH,431,431,HL-Y,5.0,34
5ggv,Y,antigen,LYS,95,95,HL-Y,5.0,2
5ggv,Y,antigen,HOH,207,207,HL-Y,5.0,21
5ggv,Y,antigen,GLU,33,33,HL-Y,5.0,3
5ggv,Y,antigen,ALA,2,2,HL-Y,5.0,1
5ggv,Y,antigen,HOH,272,272,HL-Y,5.0,21
5ggv,Y,antigen,HOH,287,287,HL-Y,5.0,21
5ggv,Y,antigen,GLU,48,48,HL-Y,5.0,3
5ggv,Y,antigen,HOH,244,244,HL-Y,5.0,21
5ggv,Y,antigen,HOH,259,259,HL-Y,5.0,21
5ggv,Y,antigen,LEU,39,39,HL-Y,5.0,4
5ggv,Y,antigen,TYR,100,100,HL-Y,5.0,3
5ggv,Y,antigen,LEU,91,91,HL-Y,5.0,4
5ggv,Y,antigen,HOH,222,222,HL-Y,5.0,21
5ggv,Y,antigen,GLN,41,41,HL-Y,5.0,2
5ggv,Y,antigen,HOH,247,247,HL-Y,5.0,21
5ggv,Y,antigen,LYS,1,1,HL-Y,5.0,2
5ggv,Y,antigen,HOH,221,221,HL-Y,5.0,21
5ggv,Y,antigen,ASN,110,110,HL-Y,5.0,1
5ggv,Y,antigen,HOH,212,212,HL-Y,5.0,21
5ggv,Y,antigen,GLY,109,109,HL-Y,5.0,3
5ggv,Y,antigen,HOH,274,274,HL-Y,5.0,21
5ggv,Y,antigen,GLU,97,97,HL-Y,5.0,3
5ggv,Y,antigen,ARG,35,35,HL-Y,5.0,1
5ggv,Y,antigen,HOH,231,231,HL-Y,5.0,21
5ggv,Y,antigen,HOH,230,230,HL-Y,5.0,21
5ggv,Y,antigen,PRO,103,103,HL-Y,5.0,3
5ggv,Y,antigen,HOH,292,292,HL-Y,5.0,21
5ggv,Y,antigen,HOH,283,283,HL-Y,5.0,21
5ggv,Y,antigen,HOH,245,245,HL-Y,5.0,21
5ggv,Y,antigen,PRO,102,102,HL-Y,5.0,3
5ggv,Y,antigen,THR,53,53,HL-Y,5.0,2
5ggv,Y,antigen,LEU,106,106,HL-Y,5.0,4
5ggv,Y,antigen,SER,44,44,HL-Y,5.0,1
5ggv,Y,antigen,TYR,105,105,HL-Y,5.0,3
5ggv,Y,antigen,PRO,28,28,HL-Y,5.0,3
5ggv,Y,antigen,ILE,108,108,HL-Y,5.0,2
5ggv,Y,antigen,THR,47,47,HL-Y,5.0,2
5ggv,Y,antigen,HOH,276,276,HL-Y,5.0,21
5ggv,Y,antigen,HOH,270,270,HL-Y,5.0,21
5ggv,Y,antigen,HOH,288,288,HL-Y,5.0,21
5ggv,Y,antigen,GLY,111,111,HL-Y,5.0,3
5ggv,Y,antigen,ILE,93,93,HL-Y,5.0,2
5ggv,Y,antigen,HOH,285,285,HL-Y,5.0,21
5ggv,Y,antigen,MET,3,3,HL-Y,5.0,2
5ggv,Y,antigen,HOH,229,229,HL-Y,5.0,21
5ggv,Y,antigen,MET,99,99,HL-Y,5.0,2
5ggv,Y,antigen,HOH,232,232,HL-Y,5.0,21
5ggv,Y,antigen,LEU,98,98,HL-Y,5.0,4
5ggv,Y,antigen,VAL,46,46,HL-Y,5.0,1
5ggv,Y,antigen,TYR,104,104,HL-Y,5.0,3
5ggv,Y,antigen,GLY,107,107,HL-Y,5.0,3
5ggv,Y,antigen,GLN,45,45,HL-Y,5.0,2
