residue_name,5ggt,5grj,5x8l,5x8m,5xj4,5xxy,7yds,8rpb,mean
ALA,3,1,4,1,1,4,3,4,2.625
ARG,1,2,2,2,2,2,2,2,1.875
ASN,1,1,1,0,0,1,1,1,0.75
ASP,2,2,3,3,3,3,3,3,2.75
GLN,1,2,1,0,0,1,1,1,0.875
GLU,2,2,2,2,2,2,2,2,2.0
GLY,2,0,2,0,0,2,2,3,1.375
HIS,1,2,1,0,0,1,1,1,0.875
ILE,2,2,1,0,0,3,1,2,1.375
LEU,1,0,0,0,0,1,1,2,0.625
LYS,0,2,1,1,1,1,2,0,1.0
MET,1,2,2,2,3,2,2,1,1.875
PHE,0,0,0,0,0,1,1,1,0.375
SER,1,1,1,0,0,1,1,1,0.75
THR,0,0,0,1,2,0,0,0,0.375
TRP,0,0,0,0,0,1,0,0,0.125
TYR,1,2,4,3,3,4,3,2,2.75
VAL,1,1,2,2,2,2,3,1,1.75
